Alabama;AL
Alabama;AL
Alaska;AK
Arizona;AZ
Arkansas;AR
California;CA
Colorado;CO
Connecticut;CT
Delaware;DE
District of Columbia;DC
Florida;FL
Georgia;GA
Hawaii;HI
Idaho;ID
Illinois;IL
Indiana;IN
Hawaii;HI
Iowa;IA
Kansas;KS
Kentucky;KY
Louisiana;LA
Hawaii;HI
Maine;ME
Illinois;IL
Montana;MT
Nebraska;NE
Nevada;NV
Hawaii;HI
Hawaii;HI
New Hampshire;NH
New Jersey;NJ
New Mexico;NM
Illinois;IL
Hawaii;HI
New York;NY
North Carolina;NC
North Dakota;ND
Ohio;OH
Oklahoma;OK
Oregon;OR
Maryland;MD
Massachusetts;MA
Michigan;MI
Minnesota;MN
Mississippi;MS
Missouri;MO
Pennsylvania;PA
Mississippi;MS
Rhode Island;RI
South Carolina;SC
South Dakota;SD
Tennessee;TN
Texas;TX
Utah;UT
Vermont;VT
Virginia;VA
Washington;WA
West Virginia;WV
Wisconsin;WI
Wyoming;WY